LEGALSTRUCTUREID,ENTITYTYPEID,ENTITYSUBTYPEID,ISBRANCHFLAG,USGSEFLAG,INCORPORATIONAUTHORITYNAME,G-SIBFLAG,G-SIBNAME,SUPRANATIONALENTITYFLAG,MULTILATERALDEVELOPMENTBANKFLAG,SOVEREIGNWEALTHFUNDFLAG,COMMUNITYDEVELOPMENTFINANCIALINSTITUTIONFLAG,INDUSTRIALLOANBANKFLAG,SWAPDEALERFLAG,BALANCESHEETCONSOLIDATIONFLAG,ANACREDITINSTITUTIONALSECTORID,ANACREDITLEGALFORMID,ANACREDITINSTITUTIONALSUBSECTORCODE,STATUSOFLEGALPROCEEDINGSID,DATEOFINITIATIONOFLEGALPROCEEDINGS,ENTERPRISESIZE,DATEOFENTERPRISESIZE,NUMBEROFEMPLOYEES,BALANCESHEETTOTAL,ANNUALTURNOVER,BUSINESSSTATUS,BUSINESSSTATUSREASONCODE,SPVDEBTISSUINGFLAG,FMUFLAG,FMIFLAG,FORMPFFLAG
1QMT,9,68,,N,NORTH CAROLINA SECRETARY OF STATE,,,,,,,,,,,,,,,,,,,,ACTIVE,,,,,
TRI2,6,104,N,N,FLORIDA DEPARTMENT OF STATE,,,,,,,,,,,,,,,,,,,,ACTIVE,,,,,
G42I,1,4,,N,INDIANA SECRETARY OF STATE,,,N,N,N,N,N,N,N,,,,,,,,,,,ACTIVE,,,,,
R0BI,1,1,N,N,INDIANA SECRETARY OF STATE,,,,,,,,,,,,,,,,,,,,INACTIVE,DISSOLVED,,,,
7VK5,9,61,N,N,OHIO SECRETARY OF STATE,,,,,,,,,,,,,,,,,,,,ACTIVE,,,,,
9999,9,59,N,N,NCES ,,,,,,,,,,,,,,,,,,,,ACTIVE,,,,,
8888,8,45,,N,SEC EDGAR,,,,,,,,,,,,,,,,,,,,ACTIVE,,,,,
PXGA,10,70,N,N,WEST VIRGINIA SECRETARY OF STATE,,,,,,,,,,,,,,,,,,,,ACTIVE,,,,,
8888,10,70,,N,TEXAS SECRETARY OF STATE,,,N,N,N,N,N,N,N,,,,,,,,,,,ACTIVE,,,,,
HX6D,9,68,,N,UK COMPANIES HOUSE,,,,,,,,,,,,,,,,,,,,ACTIVE,,,,,
8888,5,30,,N,,,,,,,,,,,,,,,,,,,,,ACTIVE,,,,,
3JTE,9,136,,N,PENNSYLVANIA SECRETARY OF STATE,,,,,,,,,,,,,,,,,,,,ACTIVE,,,,,
PJ10,9,57,,N,NEW YORK DEPARTMENT OF STATE,,,,,,,,,,,,,,,,,,,,ACTIVE,,,,,
HLR4,9,56,,N,MARYLAND SECRETARY OF STATE,,,,,,,,,,,,,,,,,,,,ACTIVE,,,,,
DFE5,1,4,,N,PORTUGUESE REPUBLIC,,,,,,,,,,,,,,,,,,,,ACTIVE,,,,,
ZJTK,4,25,,N,SECRETARY OF THE COMMONWEALTH OF MASSACHUSETTS,,,N,N,N,N,N,N,N,,,,,,,,,,,ACTIVE,,,,,
H0PO,6,40,,N,UK COMPANIES HOUSE,,,N,N,N,N,N,N,N,,,,,,,,,,,ACTIVE,,,,,
1281,9,68,,N,,,,,,,,,,,,,,,,,,,,,ACTIVE,,,,,
H0PO,7,42,,N,UK COMPANIES HOUSE,,,,,,,,,,,,,,,,,,,,ACTIVE,,,,,
DU35,9,68,N,N,OFFICE OF THE SECRETARY OF STATE,,,,,,,,,,,,,,,,,,,,ACTIVE,,,,,
CD9O,9,117,,N,LOUISIANA SECRETARY OF STATE,,,,,,,,,,,,,,,,,,,,ACTIVE,,,,,
9999,5,30,,N,,,,,,,,,,,,,,,,,,,,,ACTIVE,,,,,
MVII,1,4,,N,ZEFIX,,,N,N,N,N,N,N,N,S122_A,RW100,,4,,ES001,31-12-2023,2094,40286241679,1322635650,ACTIVE,,,,,
8888,6,106,,N,NEW HAMPSHIRE SECRETARY OF STATE,,,,,,,,,,,,,,,,,,,,ACTIVE,,,,,
PJ10,11,71,,N,NEW YORK DEPARTMENT OF STATE,,,,,,,,,,,,,,,,,,,,ACTIVE,,,,,
8888,9,55,,N,STATE OF DISTRICT OF COLOMBIA,,,,,,,,,,,,,,,,,,,,ACTIVE,,,,,
8888,9,55,,N,,,,,,,,,,,,,,,,,,,,,ACTIVE,,,,,
Z0EY,7,42,,N,UK COMPANIES HOUSE,,,,,,,,,,,,,,,,,,,,ACTIVE,,,,,
ND93,1,4,,N,TENNESSEE DEPARTMENT OF STATE,,,,,,,,,,,,,,,,,,,,ACTIVE,,,,,
NB58,9,57,,N,WYOMING SECRETARY OF STATE,,,,,,,,,,,,,,,,,,,,ACTIVE,,,,,
X4TB,1,4,,N,KANSAS SECRETARY OF STATE,,,,,,,,,,,,,,,,,,,,ACTIVE,,,,,
8888,8,49,,N,UK COMPANIES HOUSE ,,,,,,,,,,,,,,,,,,,,ACTIVE,,,,,
XTIQ,9,150,N,N,STATE OF DELAWARE,,,,,,,,,,,,,,,,,,,,ACTIVE,,,,,
H0PO,4,25,,N,UK COMPANIES HOUSE,,,,,,,,,,,,,,,,,,,,ACTIVE,,,,,
9999,5,124,,N,,,,,,,,,,,,,,,,,,,,,ACTIVE,,,,,
B6ES,4,98,,N,UK COMPANIES HOUSE ,,,N,N,N,N,N,N,N,,,,,,,,,,,ACTIVE,,,,,
LDHG,1,8,,N,FDIC,,,,,,,,,,,,,,,,,,,,ACTIVE,,,,,
8888,5,30,,N,,,,,,,,,,,,,,,,,,,,,ACTIVE,,,,,
IYXU,9,61,,N, FINANCIAL CONDUCT AUTHORITY MUTUALS PUBLIC REGISTER,,,N,N,N,N,N,N,N,,,,,,,,,,,ACTIVE,,,,,
B6ES,4,100,,N,UK COMPANIES HOUSE,,,,,,,,,,,,,,,,,,,,ACTIVE,,,,,
XTIQ,9,68,,N,STATE OF DELAWARE,,,,,,,,,,,,,,,,,,,,ACTIVE,,,,,
T0YJ,9,135,,N,COMMON REGISTER PORTAL,,,N,N,N,N,N,N,N,,,,,,,,,,,ACTIVE,,,,,
5EEA,5,35,,N,,,,,,,,,,,,,,,,,,,,,ACTIVE,,,,,
8888,8,45,,N,SEC EDGAR,,,N,N,N,N,N,N,N,,,,,,,,,,,ACTIVE,,,,,
4TYO,1,4,N,N,BUSINESS REGISTER,,,N,N,N,N,N,N,N,S122_A,RW100,,4,,,31-12-2023,,34898830528,1936455238,ACTIVE,,,,,
HZEH,9,68,,N,DELAWARE SECRETARY OF STATE,,,,,,,,,,,,,,,,,,,,ACTIVE,,,,,
B6ES,4,100,,N,UK COMPANIES HOUSE,,,,,,,,,,,,,,,,,,,,ACTIVE,,,,,
8888,8,45,,N,U. S. SECURITIES AND EXCHANGE COMMISSION,,,,,,,,,,,,,,,,,,,,ACTIVE,,,,,
BTQ1,4,25,,N,UTAH DEPARTMENT OF COMMERCE,,,N,N,N,N,N,N,N,S127,RW100,,4,,,31-12-2023,,63979010317,9940565619,ACTIVE,,,,,
QVPB,4,25,,N,INFOGREFFE,,,N,N,N,N,N,N,N,,,,,,,,,,,ACTIVE,,,,,
8888,8,45,,N,SEC EDGAR,,,,,,,,,,,,,,,,,,,,ACTIVE,,,,,
Z0EY,7,42,N,N,UK COMPANIES HOUSE,,,,,,,,,,S126,GB300,,4,,,07-03-2024,,88694,,ACTIVE,,,,,
9999,13,75,,N,MARYLAND SECRETARY OF STATE,,,,,,,,,,,,,,,,,,,,ACTIVE,,,,,
8888,8,45,,N,SEC EDGAR,,,,,,,,,,,,,,,,,,,,ACTIVE,,,,,
XE4Z,4,25,,N,COMPANIES AND INTELLECTUAL PROPERTY COMMISSION,,,,,,,,,,,,,,,,,,,,ACTIVE,,,,,
8888,8,45,N,N,SEC EDGAR,,,N,N,N,N,N,N,N,,,,,,,,,,,ACTIVE,,,,,
8888,8,45,,N,SEC-EDGAR,,,,,,,,,,,,,,,,,,,,INACTIVE,DISSOLVED,,,,
XTIQ,9,144,,N,STATE OF DELAWARE,,,,,,,,,,,,,,,,,,,,ACTIVE,,,,,
Z73Z,8,45,,N,,,,N,N,N,N,N,N,N,S124,SPFUND,,4,24-04-2024,ES001,24-04-2024,1008,3.99901E+11,,ACTIVE,,,,,
PJ10,11,71,,N,NEW YORK DEPARTMENT OF STATE,,,,,,,,,,,,,,,,,,,,ACTIVE,,,,,
XTIQ,9,117,N,N,STATE OF DELAWARE,,,,,,,,,,,,,,,,,,,,ACTIVE,,,,,
8888,9,59,,N,NATIONAL CENTER FOR EDUCATION STATISTICS,,,,,,,,,,,,,,,,,,,,ACTIVE,,,,,
8888,8,45,,N,FCA,,,,,,,,,,,,,,,,,,,,ACTIVE,,,,,
8888,8,45,,N,,,,,,,,,,,,,,,,,,,,,ACTIVE,,,,,
P418,9,148,,N,REGISTRO IMPRESE,,,,,,,,,,,,,,,,,,,,ACTIVE,,,,,
8888,9,59,,N,NATIONAL CENTER FOR EDUCATION STATISTICS,,,,,,,,,,,,,,,,,,,,ACTIVE,,,,,
8888,8,45,,N,SEC EDGAR,,,,,,,,,,,,,,,,,,,,ACTIVE,,,,,
R4KK,7,42,,N,AUSTRALIAN SECURITIES AND INVESTMENT COMMISSION,,,,,,,,,,,,,,,,,,,,ACTIVE,,,,,
8888,8,45,,N,SEC EDGAR,,,,,,,,,,,,,,,,,,,,ACTIVE,,,,,
XTIQ,9,143,N,N,STATE OF DELAWARE,,,N,N,N,N,N,N,N,,,,,,,,,,,ACTIVE,,,,,
8888,9,68,,N,STATE OF DELAWARE,,,,,,,,,,,,,,,,,,,,ACTIVE,,,,,
8888,8,45,,N,SEC EDGAR,,,,,,,,,,S124,SPFUND,,4,14-06-2024,,08-03-2024,,309506281,,ACTIVE,,,,,
8888,8,45,,N,SEC EDGAR,,,,,,,,,,,,,,,,,,,,ACTIVE,,,,,
XTIQ,9,61,,N,STATE OF DELAWARE,,,,,,,,,,,,,,,,,,,,ACTIVE,,,,,
XTIQ,7,42,N,N,STATE OF DELAWARE,,,,,,,,,,S126,RW100,,4,,,,,,,ACTIVE,,,,,
5VCF,9,157,,N,REGAFI - REGISTRE DES AGENTS FINANCIERS,,,N,N,N,N,N,N,N,,,,,,,,,,,ACTIVE,,,,,
54M6,12,132,,N,KVK,,,,,,,,,,,,,,,,,,,,ACTIVE,,,,,
HZEH,8,44,,N,STATE OF DELAWARE,,,,,,,,,,,,,,,,,,,,ACTIVE,,,,,
R4KK,9,143,Y,N,AUSTRALIAN SECURITIES AND INVESTMENT COMMISSION,,,,,,,,,,,,,,,,,,,,ACTIVE,,,,,
8888,9,59,,N,NCES,,,,,,,,,,,,,,,,,,,,ACTIVE,,,,,
4FSX,8,45,,N,SEC EDGAR,,,,,,,,,,,,,,,,,,,,ACTIVE,,,,,
B6ES,4,94,N,N,UK COMPANIES HOUSE,,,,,,,,,,,,,,,,,,,,ACTIVE,,,,,
3LXM,1,4,,N,FDIC,,,,,,,,,,,,,,,,,,,,ACTIVE,,,,,
9999,5,28,N,N,,,,,,,,,,,,,,,,,,,,,ACTIVE,,,,,
9999,8,45,,N,SEC EDGAR,,,,,,,,,,,,,,,,,,,,ACTIVE,,,,,
8888,8,45,,N,SEC EDGAR,,,,,,,,,,,,,,,,,,,,INACTIVE,DISSOLVED,,,,
8888,9,68,,N,SECURITIES AND EXCHANGE COMMISSION,,,N,N,N,N,N,N,N,,,,,,,,,,,ACTIVE,,,,,
HSEV,11,71,,N,PENNSYLVANIA DEPARTMENT OF STATE,,,,,,,,,,,,,,,,,,,,ACTIVE,,,,,
5RDO,4,25,,N,REGISTRARS OF SPAIN,,,,,,,,,,,,,,,,,,,,ACTIVE,,,,,
8888,8,45,,N,SEC EDGAR,,,,,,,,,,,,,,,,,,,,ACTIVE,,,,,
HX6D,8,49,,N,UK COMPANIES HOUSE,,,,,,,,,,,,,,,,,,,,ACTIVE,,,,,
R4KK,9,143,,N,AUSTRALIAN SECURITIES AND INVESTMENT COMMISSION,,,,,,,,,,,,,,,,,,,,ACTIVE,,,,,
W2SQ,1,4,,N,UNION OF CHAMBERS AND EXCHANGES OF TURKEY,,,N,N,N,N,N,N,N,S122_A,RW100,,4,19-06-2024,ES001,31-12-2023,29912,1.3067E+11,7283093881,ACTIVE,,,,,
8888,8,45,,N,SEC EDGAR,,,,,,,,,,,,,,,,,,,,ACTIVE,,,,,
8888,8,45,,N,SEC EDGAR,,,,,,,,,,S124,SPFUND,,4,,,,,,,ACTIVE,,,,,
8888,8,45,,N,SEC EDGAR,,,,,,,,,,,,,,,,,,,,ACTIVE,,,,,
QVPB,4,25,,N,INFOGREFFE,,,,,,,,,,,,,,,,,,,,ACTIVE,,,,,
8888,9,59,,N,NCES,,,,,,,,,,,,,,,,,,,,ACTIVE,,,,,
8888,8,45,,N,SEC EDGAR,,,,,,,,,,,,,,,,,,,,ACTIVE,,,,,
ECAK,1,4,N,N,NINGBO MARKET SUPERVISION AND ADMINISTRATION BUREAU,,,,,,,,,,,,,,,,,,,,ACTIVE,,,,,
XTIQ,2,11,,N,STATE OF DELAWARE,,,,,,,,,,,,,,,,,,,,ACTIVE,,,,,
HZEH,7,42,N,N,STATE OF DELAWARE,,,,,,,,,,,,,,,,,,,,ACTIVE,,,,,
NAQG,4,25,,N,BERMUDA REGISTRAR OF COMPANIES ,,,,,,,,,,,,,,,,,,,,ACTIVE,,,,,
8888,8,45,,N,SEC EDGAR,,,,,,,,,,,,,,,,,,,,ACTIVE,,,,,
8888,9,59,,N,NATIONAL CENTER FOR EDUCATION STATISTICS,,,,,,,,,,,,,,,,,,,,ACTIVE,,,,,
5RDO,9,57,,N,REGISTRARS OF SPAIN,,,,,,,,,,,,,,,,,,,,ACTIVE,,,,,
8888,9,65,,N,BIZ FILE,,,,,,,,,,,,,,,,,,,,ACTIVE,,,,,
8888,8,45,,N,SEC EDGAR,,,,,,,,,,S124,SPFUND,,4,14-06-2024,,08-03-2024,,33376939,,ACTIVE,,,,,
HLR4,9,60,,N,MARYLAND SECRETARY OF STATE,,,,,,,,,,,,,,,,,,,,ACTIVE,,,,,
8888,8,45,,N,,,,,,,,,,,,,,,,,,,,,ACTIVE,,,,,
8888,4,25,,N,BERMUDA REGISTRAR OF COMPANIES,,,,,,,,,,,,,,,,,,,,ACTIVE,,,,,
8888,8,45,,N,SEC EDGAR,,,,,,,,,,,,,,,,,,,,ACTIVE,,,,,
8888,8,45,,N,SEC EDGAR,,,,,,,,,,,,,,,,,,,,ACTIVE,,,,,
H1UM,6,104,,N,CALIFORNIA SECRETARY OF STATE,,,,,,,,,,,,,,,,,,,,ACTIVE,,,,,
2I4P,1,4,,N,UTAH DEPARTMENT OF COMMERCE,,,,,,,,,,,,,,,,,,,,ACTIVE,,,,,
8888,8,45,,N,SEC EDGAR,,,,,,,,,,S124,SPFUND,,4,17-06-2024,,,,,,ACTIVE,,,,,
O90R,9,143,N,N,ONTARIO BUSINESS REGISTRY,,,,,,,,,,,,,,,,,,,,ACTIVE,,,,,
P8D7,2,11,,N,GOBIERNO DE MEXICO,,,N,N,N,N,N,N,N,S126,RW100,,4,20-06-2024,,31-12-2023,,5017750341,292692298.7,ACTIVE,,,,,
LGWG,6,105,,N,COMPANIES REGISTRATION OFFICE,,,N,N,N,N,N,N,N,S128,IE01,,4,,ES003,31-12-2021,5,4702054000,,ACTIVE,,,,,
PLMC,9,61,,N, VIRGINIA STATE CORPORATION COMMISSION,,,,,,,,,,,,,,,,,,,,ACTIVE,,,,,
8888,8,45,,N,SEC EDGAR,,,,,,,,,,,,,,,,,,,,ACTIVE,,,,,
8888,5,124,,N,,,,,,,,,,,,,,,,,,,,,ACTIVE,,,,,
9999,8,45,,N,SEC EDGAR,,,,,,,,,,,,,,,,,,,,INACTIVE,LIQUIDATED,,,,
8888,8,45,,N,SEC EDGAR,,,,,,,,,,,,,,,,,,,,INACTIVE,DISSOLVED,,,,
8888,8,45,,N,SEC EDGAR,,,,,,,,,,,,,,,,,,,,ACTIVE,,,,,
8888,9,59,,N,NCES,,,,,,,,,,,,,,,,,,,,ACTIVE,,,,,
8888,8,45,,N,SEC EDGAR,,,,,,,,,,,,,,,,,,,,ACTIVE,,,,,
XTIQ,9,157,,N,STATE OF DELAWARE,,,,,,,,,,,,,,,,,,,,ACTIVE,,,,,
6QQB,9,156,,N,COMPANY REGISTER,,,,,,,,,,,,,,,,,,,,ACTIVE,,,,,
8888,8,45,,N,SEC EDGAR,,,,,,,,,,,,,,,,,,,,ACTIVE,,,,,
8888,8,45,,N,MARYLAND SECRETARY OF STATE,,,N,N,N,N,N,N,N,,,,,,,,,,,ACTIVE,,,,,
8888,8,45,,N,SEC EDGAR,,,,,,,,,,S124,SPFUND,,4,,,,,,,ACTIVE,,,,,
BL60,1,4,,N,COMPANIES CONTROL DEPARTMENT,,,N,N,N,N,N,N,N,S122_A,RW100,,4,,ES001,31-12-2023,1368,4183808004,148115415.68141958,ACTIVE,,,,,
8888,8,45,,N,SEC EDGAR,,,,,,,,,,,,,,,,,,,,ACTIVE,,,,,
7AS7,6,108,,N,BERMUDA REGISTRAR OF COMPANIES ,,,,,,,,,,,,,,,,,,,,ACTIVE,,,,,
8888,8,45,,N,SEC EDGAR,,,,,,,,,,,,,,,,,,,,ACTIVE,,,,,
UDLA,9,143,,N,ONTARIO BUSINESS REGISTRY,,,,,,,,,,,,,,,,,,,,ACTIVE,,,,,
8888,8,45,,N,SEC EDGAR,,,,,,,,,,S124,SPFUND,,4,,,,,,,ACTIVE,,,,,
10ST,9,55,,N,,,,,,,,,,,,,,,,,,,,,ACTIVE,,,,,
8888,8,45,,N,SEC EDGAR,,,,,,,,,,,,,,,,,,,,INACTIVE,DISSOLVED,,,,
T417,9,137,,N,JAPAN ,,,,,,,,,,,,,,,,,,,,ACTIVE,,,,,
EQOV,9,117,,N,REPUBLIC OF AUSTRIA COMPANY REGISTER,,,,,,,,,,,,,,,,,,,,ACTIVE,,,,,
TD8P,1,4,,N,MINISTRY OF ECONOMIC AFFAIRS,,,,,,,,,,,,,,,,,,,,ACTIVE,,,,,
HX6D,9,65,,N,UK COMPANIES HOUSE,,,,,,,,,,,,,,,,,,,,ACTIVE,,,,,
HZEH,9,115,,N,STATE OF DELAWARE,,,,,,,,,,,,,,,,,,,,ACTIVE,,,,,
8888,9,61,,N,,,,,,,,,,,,,,,,,,,,,ACTIVE,,,,,
O90R,9,143,,N,GOVERNMENT OF CANADA,,,,,,,,,,,,,,,,,,,,ACTIVE,,,,,
8888,5,35,,N,,,,,,,,,,,,,,,,,,,,,ACTIVE,,,,,
8888,8,45,,N,SEC-EDGAR,,,,,,,,,,,,,,,,,,,,ACTIVE,,,,,
B6ES,9,152,,N,UK COMPANIES HOUSE,,,,,,,,,,,,,,,,,,,,ACTIVE,,,,,
B6ES,8,126,,N,UK COMPANIES HOUSE,,,,,,,,,,,,,,,,,,,,ACTIVE,,,,,
XTIQ,2,11,,N,STATE OF DELAWARE,,,,,,,,,,,,,,,,,,,,ACTIVE,,,,,
8888,8,45,,N,SEC EDGAR,,,,,,,,,,,,,,,,,,,,ACTIVE,,,,,
8888,8,45,,N,SEC EDGAR,,,,,,,,,,,,,,,,,,,,ACTIVE,,,,,
XTIQ,9,136,,N,STATE OF DELAWARE,,,,,,,,,,,,,,,,,,,,ACTIVE,,,,,
R0BI,9,156,N,N,INDIANA SECRETARY OF STATE,,,,,,,,,,,,,,,,,,,,ACTIVE,,,,,
8888,8,45,,N,SEC EDGAR,,,,,,,,,,,,,,,,,,,,ACTIVE,,,,,
MVII,6,105,,N,ZEFIX,,,,,,,,,,,,,,,,,,,,ACTIVE,,,,,
XTIQ,9,146,,N,STATE OF DELAWARE,,,,,,,,,,,,,,,,,,,,ACTIVE,,,,,
DDKQ,9,135,,N,MINISTRY OF CORPORATE AFFAIRS,,,,,,,,,,,,,,,,,,,,ACTIVE,,,,,
8888,8,45,,N,SEC EDGAR,,,,,,,,,,,,,,,,,,,,ACTIVE,,,,,
9999,8,45,,N,,,,,,,,,,,,,,,,,,,,,ACTIVE,,,,,
8888,8,45,,N,FINANCIAL CONDUCT AUTHORITY,,,,,,,,,,,,,,,,,,,,ACTIVE,,,,,
H0PO,4,102,,N,UK COMPANIES HOUSE,,,,,,,,,,,,,,,,,,,,ACTIVE,,,,,
8888,8,45,,N,SEC EDGAR ,,,,,,,,,,,,,,,,,,,,ACTIVE,,,,,
3JTE,4,25,,N,VIRGINIA STATE CORPORATION COMMISSION,,,,,,,,,,S127,RW100,,4,31-12-2023,ES001,31-12-2023,21600,55046000000,,ACTIVE,,,,,
VYAX,8,45,,N,COMPANIES REGISTRATION OFFICE,,,,,,,,,,,,,,,,,,,,INACTIVE,DISSOLVED,,,,
H0PO,9,68,,N,UK COMPANIES HOUSE,,,,,,,,,,,,,,,,,,,,ACTIVE,,,,,
B6ES,8,45,,N,UK COMPANIES HOUSE,,,,,,,,,,,,,,,,,,,,ACTIVE,,,,,
XTIQ,9,144,,N,STATE OF DELAWARE,,,,,,,,,,,,,,,,,,,,ACTIVE,,,,,
8888,6,104,N,N,,,,,,,,,,,,,,,,,,,,,ACTIVE,,,,,
8888,8,45,,N,SEC EDGAR,,,,,,,,,,,,,,,,,,,,ACTIVE,,,,,
YG5M,9,68,,N,GOVERNMENT OF CANADA,,,,,,,,,,,,,,,,,,,,ACTIVE,,,,,
H0PO,9,136,,N,UK COMPANIES HOUSE,,,,,,,,,,,,,,,,,,,,ACTIVE,,,,,
8888,9,60,,N,BRITISH COLUMBIA REGISTER,,,,,,,,,,,,,,,,,,,,ACTIVE,,,,,
HZEH,7,42,,N,STATE OF DELAWARE,,,,,,,,,,,,,,,,,,,,ACTIVE,,,,,
9999,8,45,,N,CSSF,,,,,,,,,,,,,,,,,,,,ACTIVE,,,,,
8888,8,45,,N,SEC EDGAR,,,,,,,,,,,,,,,,,,,,ACTIVE,,,,,
Z73Z,8,45,,N,SEC EDGAR,,,,,,,,,,,,,,,,,,,,ACTIVE,,,,,
8888,8,45,,N,SEC EDGAR,,,,,,,,,,,,,,,,,,,,ACTIVE,,,,,
9999,8,45,,N,SEC EDGAR,,,,,,,,,,,,,,,,,,,,ACTIVE,,,,,
XE4Z,9,65,,N,BIZ PORTAL,,,,,,,,,,,,,,,,,,,,ACTIVE,,,,,
OSLZ,1,4,N,N,INFOGREFFE,,,,,,,,,,,,,,,,,,,,ACTIVE,,,,,
Z73Z,8,45,N,N,SEC EDGAR,,,,,,,,,,,,,,,,,,,,ACTIVE,,,,,
HX6D,11,71,,N,UK COMPANIES HOUSE,,,,,,,,,,,,,,,,,,,,ACTIVE,DISSOLVED,,,,
7T8N,8,45,,N,CHARITY COMMISSION FOR ENGLAND AND WALES,,,,,,,,,,,,,,,,,,,,ACTIVE,,,,,
8888,8,45,,N,SEC-EDGAR,,,,,,,,,,S124,SPFUND,,4,,,,,854780327,,ACTIVE,,,,,
T91T,7,42,N,N,DELAWARE SECRETARY OF STATE,,,,,,,,,,,,,,,,,,,,ACTIVE,,,,,
P418,11,71,,N,REGISTRO IMPRESE,,,N,N,N,N,N,N,N,S11,IT701,S11001,4,27-05-2024,,,,,,ACTIVE,,,,,
8888,9,146,,N,,,,,,,,,,,,,,,,,,,,,ACTIVE,,,,,
6QQB,1,4,,N,TRADE REGISTER NUMBER,,,N,N,N,N,N,N,N,,,,,,,,,,,ACTIVE,,,,,
8888,8,45,,N,EDGAR,,,,,,,,,,,,,,,,,,,,ACTIVE,,,,,
HOV4,13,75,,N,VIRGINIA STATE CORPORATION COMMISSION,,,,,,,,,,,,,,,,,,,,ACTIVE,,,,,
T5UM,4,25,,N,CAYMAN ISLANDS GENERAL REGISTRY,,,,,,,,,,,,,,,,,,,,ACTIVE,,,,,
3JTE,6,106,,N,PENNSYLVANIA SECRETARY OF STATE,,,,,,,,,,,,,,,,,,,,ACTIVE,,,,,
PJ10,11,71,N,N,NEW YORK DEPARTMENT OF STATE,,,,,,,,,,,,,,,,,,,,ACTIVE,,,,,
8888,8,45,,N,SEC EDGAR,,,,,,,,,,S124,RW100,,4,,,,,,,ACTIVE,,,,,
VYAX,8,45,,N,COMPANIES REGISTRATION OFFICE,,,N,N,N,N,N,N,N,S124,IE05,,4,,,31-12-2021,,4936892102,108213584,ACTIVE,,,,,
X0SD,9,153,,N,PROOF OF REGISTRATION AND REGISTRATION STATUS,,,,,,,,,,,,,,,,,,,,ACTIVE,,,,,
UD1V,9,56,,N,,,,,,,,,,,,,,,,,,,,,ACTIVE,,,,,
8888,9,59,,N,SECRETARY OF THE COMMONWEALTH OF MASSACHUSETTS,,,,,,,,,,,,,,,,,,,,ACTIVE,,,,,
8888,4,25,,N,NEWZEALAND BUSINESS NUMBER,,,,,,,,,,,,,,,,,,,,ACTIVE,,,,,
C5K7,9,65,,N,TEXAS SECRETARY OF STATE,,,,,,,,,,,,,,,,,,,,ACTIVE,,,,,
BTQ1,6,108,,N,OHIO SECRETARY OF STATE,,,,,,,,,,,,,,,,,,,,ACTIVE,,,,,
8UEG,9,135,,N,E-INFORMATION ON HUNGARIAN COMPANIES,,,,,,,,,,,,,,,,,,,,ACTIVE,,,,,
9EJ6,9,56,,N,STATE OF PENNSYLVANIA,,,,,,,,,,,,,,,,,,,,ACTIVE,,,,,
9999,8,126,,N,STATE OF DELAWARE,,,,,,,,,,,,,,,,,,,,ACTIVE,,,,,
8888,6,105,,N,NAIC,,,,,,,,,,,,,,,,,,,,ACTIVE,,,,,
H0PO,9,153,,N,UK COMPANIES HOUSE,,,,,,,,,,,,,,,,,,,,ACTIVE,DISSOLVED,,,,
XSNP,1,1,,N,NEW JERSEY DIVISION OF REVENUE,,,,N,N,N,N,N,N,,,,,,,,,,,ACTIVE,,,,,
8888,8,45,,N, SEC EDGAR,,,,,,,,,,,,,,,,,,,,ACTIVE,,,,,
H0PO,9,135,,N,UK COMPANIES HOUSE,,,N,N,N,N,N,N,N,,,,,,,,,,,ACTIVE,,,,,
6QQB,9,68,,N,COMMON REGISTER PORTAL,,,,,,,,,,,,,,,,,,,,ACTIVE,,,,,
8888,8,45,,N,SEC EDGAR,,,,,,,,,,,,,,,,,,,,ACTIVE,,,,,
DU35,2,11,,N,OFFICE OF THE SECRETARY OF STATE,,,,,,,,,,,,,,,,,,,,ACTIVE,,,,,
6QQB,9,142,,N,COMMON REGISTER PORTAL,,,,,,,,,,,,,,,,,,,,ACTIVE,,,,,
P91Q,1,4,,N,INDIANA SECRETARY OF STATE,,,,,,,,,,,,,,,,,,,,ACTIVE,,,,,
8888,8,45,,N,SEC EDGAR,,,,,,,,,,S124,SPFUND,,4,17-06-2024,,,,,,ACTIVE,,,,,
QJ9F,2,12,,N,TENNESSEE DEPARTMENT OF STATE,,,N,N,N,N,N,N,N,,,,,,,,,,,ACTIVE,,,,,
UG3Z,9,153,,N,BUSINESS REGISTRAR QUEBEC,,,,,,,,,,,,,,,,,,,,ACTIVE,,,,,
XE4Z,4,25,,N,BIZ PORTAL,,,,,,,,,,,,,,,,,,,,ACTIVE,,,,,
XTIQ,9,135,,N,STATE OF DELAWARE,,,,,,,,,,,,,,,,,,,,ACTIVE,,,,,
H0PO,4,25,,N,UK COMPANIES HOUSE,,,N,N,N,N,N,N,N,,,,,,,,,,,ACTIVE,,,,,
UDY2,8,45,,N,COMMISSION DE SURVEILLANCE DU SECTEUR FINANCIER,,,,,,,,,,,,,,,,,,,,ACTIVE,,,,,
H0PO,4,100,,N,UK COMPANIES HOUSE,,,,,,,,,,,,,,,,,,,,ACTIVE,,,,,
8888,8,45,,N,SECURITIES AND EXCHANGE COMMISSION,,,,,,,,,,S124,SPFUND,,4,,,,,,,ACTIVE,,,,,
T91T,8,50,,N,STATE OF DELAWARE,,,,,,,,,,,,,,,,,,,,ACTIVE,,,,,
UG3Z,9,153,,N,BUSINESS REGISTRAR QUEBEC,,,,,,,,,,,,,,,,,,,,ACTIVE,,,,,
XJHM,4,95,,N,BUSINESS REGISTER,,,,,,,,,,,,,,,,,,,,ACTIVE,,,,,
5RCH,2,11,,N,REPOSITORY OF KOREA'S CORPORATE FILLINGS,,,,,,,,,,,,,,,,,,,,ACTIVE,,,,,
RD1T,5,30,,N,TENNESSEE DEPARTMENT OF STATE,,,,,,,,,,,,,,,,,,,,ACTIVE,,,,,
8888,8,45,,N,SEC EDGAR,,,,,,,,,,,,,,,,,,,,ACTIVE,,,,,
8888,8,45,N,N,SEC EDGAR,,,,,,,,,,,,,,,,,,,,ACTIVE,,,,,
XTIQ,9,68,N,N,STATE OF DELAWARE,,,,,,,,,,,,,,,,,,,,ACTIVE,,,,,
H0PO,6,110,,N,UK COMPANIES HOUSE,,,N,N,N,N,N,N,N,S128,GB100,,4,31-12-2022,,,,7585642440,,ACTIVE,,,,,
HZEH,7,42,N,N,STATE OF DELAWARE,,,,,,,,,,,,,,,,,,,,ACTIVE,,,,,
35RF,2,11,,N,GOVERNMENT OF PUERTO RICO,,,N,N,N,N,N,N,N,,,,,,,,,,,ACTIVE,,,,,
K6VE,9,139,,N,THE BUSINESS INFORMATION SYSTEM,,,,,,,,,,,,,,,,,,,,ACTIVE,,,,,
8888,8,45,,N,SEC EDGAR,,,,,,,,,,S124,SPFUND,,4,,,,,,,ACTIVE,,,,,
XTIQ,9,153,,N,STATE OF DELAWARE,,,,,,,,,,,,,,,,,,,,ACTIVE,,,,,
5RCH,7,42,,N,CORPORATE REGISTERED NUMBER,,,N,N,N,N,N,N,N,S126,RW100,,4,06-03-2024,ES001,06-03-2024,440,2.28747E+11,,ACTIVE,,,,,
5RDO,9,153,,N,REGISTRARS OF SPAIN,,,,,,,,,,,,,,,,,,,,ACTIVE,,,,,
O90R,7,42,,N,ONTARIO BUSINESS REGISTRY,,,,,,,,,,,,,,,,,,,,ACTIVE,,,,,
XTIQ,9,116,,N,STATE OF DELAWARE,,,,,,,,,,,,,,,,,,,,ACTIVE,,,,,
8888,5,28,,N,,,,,,,,,,,,,,,,,,,,,ACTIVE,,,,,
H1UM,9,60,,N,CALIFORNIA SECRETARY OF STATE,,,,,,,,,,,,,,,,,,,,ACTIVE,,,,,
T91T,9,157,,N,STATE OF DELAWARE,,,,,,,,,,,,,,,,,,,,ACTIVE,,,,,
8888,8,45,,N,SEC EDGAR,,,,,,,,,,S124,SPFUND,,4,30-09-2023,,30-09-2023,,,,ACTIVE,,,,,
8888,5,123,,N,,,,,,,,,,,S1311,RW600,,4,14-05-2024,,,,,,ACTIVE,,,,,
9999,8,44,,N,,,,,,,,,,,S124,SPFUND,,4,,,,,,,ACTIVE,,,,,
XTIQ,6,107,N,N,STATE OF DELAWARE,,,,,,,,,,,,,,,,,,,,ACTIVE,,,,,
8888,8,45,,N,SEC EDGAR,,,N,N,N,N,N,N,N,,,,,,,,,,,ACTIVE,,,,,
HZEH,7,42,,N,STATE OF DELAWARE,,,,,,,,,,,,,,,,,,,,ACTIVE,,,,,
HZEH,7,42,N,N,STATE OF DELAWARE,,,,,,,,,,,,,,,,,,,,ACTIVE,,,,,
3N55,9,65,,N,FLORIDA DEPARTMENT OF STATE,,,,,,,,,,,,,,,,,,,,ACTIVE,,,,,
8888,8,45,,N,SEC EDGAR,,,,,,,,,,,,,,,,,,,,ACTIVE,,,,,
YG5M,9,146,,N,BRITISH COLUMBIA REGISTER,,,,,,,,,,,,,,,,,,,,ACTIVE,,,,,
H0PO,6,109,,N,UK COMPANIES HOUSE,,,N,N,N,N,N,N,N,,,,,,,,,,,ACTIVE,,,,,
WHGH,4,25,,N,BUSINESS NAME REGISTRATION SYSTEM,,,,,,,,,,,,,,,,,,,,ACTIVE,,,,,
9999,9,117,,N,,,,,,,,,,,,,,,,,,,,,ACTIVE,,,,,
PJ10,6,108,N,N,,,,N,N,N,N,N,N,N,S128,RW100,,4,,,31-12-2023,,190230236,17057163.39,ACTIVE,,,,,
8888,8,45,,N,SEDAR,,,,,,,,,,,,,,,,,,,,ACTIVE,,,,,
8888,8,45,,N,SECURITIES AND EXCHANGE COMMISSION,,,,,,,,,,S124,SPFUND,,4,,,,,,,ACTIVE,,,,,
B6ES,9,146,N,N,COMPANIES HOUSE,,,,,,,,,,,,,,,,,,,,ACTIVE,DISSOLVED,,,,
ECAK,9,153,,N,STATE ADMINISTRATION BUREAU OF INDUSTRY AND COMMERCE,,,,,,,,,,,,,,,,,,,,ACTIVE,,,,,
9999,8,45,,N,,,,,,,,,,,,,,,,,,,,,ACTIVE,,,,,
HZEH,9,68,,N,STATE OF DELAWARE ,,,,,,,,,,,,,,,,,,,,ACTIVE,,,,,
8888,8,45,,N,SEC EDGAR,,,,,,,,,,,,,,,,,,,,ACTIVE,,,,,
H0PO,7,42,,N,UK COMPANIES HOUSE,,,N,N,N,N,N,N,N,S126,GB100,,4,23-05-2024,ES001,31-12-2022,1171,1064280007,851823611.2,ACTIVE,,,,,
UDLA,9,152,,N,,,,,,,,,,,,,,,,,,,,,ACTIVE,,,,,
8888,8,45,,N,U. S. SECURITIES AND EXCHANGE COMMISSION,,,,,,,,,,,,,,,,,,,,ACTIVE,,,,,
7QQ0,9,142,,N,COMPANIES REGISTRATION (LEGAL AFFAIRS BUREAUS),,,,,,,,,,,,,,,,,,,,ACTIVE,,,,,
OMP4,11,71,,N,MINISTRY OF FINANCE,,,,,,,,,,,,,,,,,,,,ACTIVE,,,,,
8888,5,31,,N,,,,N,N,N,N,N,N,N,S1312,RW600,,4,,,,,,,ACTIVE,,,,,
XTIQ,9,136,,N,STATE OF DELAWARE,,,,,,,,,,,,,,,,,,,,ACTIVE,,,,,
V44D,8,49,,N,KVK,,,N,N,N,N,N,N,N,,,,,,,,,,,ACTIVE,,,,,
GOGQ,7,42,,N,SECRETARY OF THE COMMONWEALTH OF MASSACHUSETTS,,,,,,,,,,,,,,,,,,,,ACTIVE,,,,,
8888,8,45,,N,SEC EDGAR,,,,,,,,,,,,,,,,,,,,ACTIVE,,,,,
NHYA,1,1,,N,WASHINGTON SECRETARY OF STATE,,,,,,,,,,,,,,,,,,,,ACTIVE,,,,,
XJHM,9,136,,N,BUSINESS REGISTER,,,N,N,N,N,N,N,N,,,,,,,,,,,ACTIVE,,,,,
2I4P,9,117,,N,UTAH DEPARTMENT OF COMMERCE,,,,,,,,,,,,,,,,,,,,ACTIVE,,,,,
UDLA,4,25,N,N,CANADA CORPORATE REGISTRY,,,,,,,,,,,,,,,,,,,,ACTIVE,,,,,
XTIQ,9,65,,N,STATE OF DELAWARE,,,,,,,,,,,,,,,,,,,,ACTIVE,,,,,
ECAK,9,143,,N,SHANDONG PROVINCIAL ADMINISTRATION FOR INDUSTRY AND COMMERCE,,,,,,,,,,,,,,,,,,,,ACTIVE,,,,,
HZEH,7,42,N,N,STATE OF DELAWARE,,,,,,,,,,,,,,,,,,,,ACTIVE,,,,,
BTQ1,6,106,,N,OHIO SECRETARY OF STATE,,,,,,,,,,,,,,,,,,,,ACTIVE,,,,,
8888,8,45,,N,SEC EDGAR,,,,,,,,,,,,,,,,,,,,ACTIVE,,,,,
B8CE,5,28,,N,GOBIERNO DE MEXICO,,,,,,,,,,,,,,,,,,,,ACTIVE,,,,,
8888,8,45,,N,SEC-EDGAR,,,,,,,,,,,,,,,,,,,,INACTIVE,DISSOLVED,,,,
8888,8,45,,N,SEC EDGAR,,,,,,,,,,,,,,,,,,,,ACTIVE,,,,,
8888,8,45,,N,SEC EDGAR,,,,,,,,,,,,,,,,,,,,ACTIVE,,,,,
8888,8,45,,N,SEC EDGAR,,,,,,,,,,,,,,,,,,,,INACTIVE,DISSOLVED,,,,
8888,8,45,,N,SEC EDGAR,,,,,,,,,,,,,,,,,,,,ACTIVE,,,,,
B6ES,4,25,N,N,UK COMPANIES HOUSE,,,N,N,N,N,N,N,N,,,,,,,,,,,ACTIVE,,,,,
8888,8,45,N,N,SEC EDGAR,,,,,,,,,,,,,,,,,,,,ACTIVE,,,,,
BTQ1,9,138,,N,OHIO SECRETARY OF STATE,,,,,,,,,,,,,,,,,,,,ACTIVE,,,,,
H0PO,9,65,,N,UK COMPANIES HOUSE,,,,,,,,,,,,,,,,,,,,ACTIVE,,,,,
8WM4,9,143,,N,MINNESOTA SECRETARY OF STATE,,,,,,,,,,,,,,,,,,,,ACTIVE,,,,,
B6ES,8,126,,N,UK COMPANIES HOUSE,,,N,N,N,N,N,N,N,,,,,,,,,,,ACTIVE,,,,,
2HBR,9,142,,N,COMPANY REGISTER,,,,,,,,,,,,,,,,,,,,ACTIVE,,,,,
